body_add_vg	body_add_vg
dml	dml
dml_docx	dml_docx
dml_pptx	dml_pptx
dml_xlsx	dml_xlsx
ph_with.dml	ph_with.dml
ph_with_vg	rvg-defunct
ph_with_vg_at	rvg-defunct
rvg-defunct	rvg-defunct
xl_add_vg	xl_add_vg
